{
  "id": "bb9f993d-0c63-49bf-afb7-aebc01e2bf74",
  "name": "(DEV) Dynamic Open Text",
  "description": "Ready for release - Dynamic Open text question including answer prompts, keywords and character counter",
  "baseQuestionType": "OpenForm",
  "disableDefaultRendering": false,
  "iconUrl": "design/icon.svg",
  "designEntryPoint": "design/index.html",
  "runtimeEntryPoint": {
    "component": "runtime/component.js",
    "deps": {
      "scripts": [
        "runtime/bundle.js"
      ],
      "styles": [
        "runtime/styles.css"
      ]
    }
  },
  "isPublic": false,
  "schemaVersion": 2
}